flight_id,fuel_burn_rate_gph,flight_hours,fuel_price_per_gal,fuel_cost
FL7208,790.0,6.39,2.796,14114.49
FL2825,790.0,3.52,3.054,8492.56
FL9519,790.0,6.1,2.796,13473.92
FL4177,790.0,2.48,2.796,5477.92
FL6596,1400.0,7.7,3.609,38905.02
FL4773,1350.0,4.44,3.609,21632.35
FL9323,1350.0,1.21,2.796,4567.27
FL1288,500.0,3.17,3.609,5720.27
FL8734,1000.0,3.04,3.054,9284.16
FL3561,1000.0,2.97,3.609,10718.73
